employeeID,firstname,lastname,company,salary
101,tanmoy,debnath,google,45000
102,subham,debnath,microsoft,55000
103,shayan,saha,wipro,56000
104,Gary,Brady,google,32143
105,Ryan,Thornton,microsoft,21402
106,Malik,Chan,wipro,65737
107,Hattie,Parra,google,91321
108,Davion,Mullen,microsoft,28746
109,Shay,Jacobs,wipro,64530
110,Bryan,Curtis,google,76524
111,Alexis,Cooper,microsoft,22475
112,Jonathan,Swanson,wipro,10966
113,Helen,Robles,google,92961
114,Otto,Macdonald,microsoft,88837
115,Rosalia,Chavez,wipro,24875
116,Ian,Orr,google,90515
117,Alaiya,Buchanan,microsoft,21422
118,Enrique,Meyer,wipro,98011
119,Sara,Morgan,google,16091
120,Hunter,Holloway,microsoft,91345
121,Mae,Lim,wipro,61212
122,Cal,Singh,google,33272
123,Vivienne,Callahan,microsoft,57066
124,Quinton,Russo,wipro,34484
125,Tinsley,Montoya,google,32259
126,Ford,Gonzalez,microsoft,63459
127,Abigail,Santos,wipro,68581
128,Walker,Maldonado,google,91741
129,Elaina,Paul,microsoft,93383
130,Noel,Kirk,wipro,62419
131,Ellis,Sullivan,google,81830
132,Evan,Jacobs,microsoft,33114
133,Camilla,Wagner,wipro,27168
134,Enzo,Tanner,google,23078
135,Harmoni,Guerra,microsoft,73735
136,Leland,Woods,wipro,66293
137,Reese,Schmitt,google,39619
138,Murphy,Hogan,microsoft,71690
139,Kathryn,Morrow,wipro,90026
140,Kyree,Roach,google,94575
141,Lyanna,Conway,microsoft,65106
142,Orlando,Newton,wipro,74297
143,Braelynn,Neal,google,89651
144,Kane,O’Connor,microsoft,39257
145,Charli,Rich,wipro,25444
146,Miller,Nicholson,google,91598
147,Justice,Ward,microsoft,22773
148,Jameson,Williams,wipro,65066
149,Ava,Lara,google,84315
150,Caiden,Lindsey,microsoft,54400
151,Colette,Wiley,wipro,54260
152,Mathew,Barker,google,39919
153,Remington,Nielsen,microsoft,99245
154,Tru,Humphrey,wipro,19082
155,Journi,Dorsey,google,17138
156,Enoch,Wilkerson,microsoft,33249
157,Janiyah,Blake,wipro,78240
158,Zyaire,Richards,google,26058
159,Trinity,Murphy,microsoft,43726
160,Cameron,Francis,wipro,62253
161,Daniella,Waller,google,70406
162,Marley,Russell,microsoft,63828
163,Raelynn,Spencer,wipro,62038
164,Ace,Ballard,google,30815
165,Alejandra,Hartman,microsoft,23395
166,Baker,Hobbs,wipro,50773
167,Lacey,Andrews,google,51356
168,Lukas,Luna,microsoft,97495
169,Journey,Stout,wipro,19879
170,Callahan,Carrillo,google,38522
171,Kaylani,Sawyer,microsoft,61902
172,Jefferson,Salinas,wipro,17141
173,Royalty,Rojas,google,39932
174,Colin,Willis,microsoft,63691
175,Alexa,Bradley,wipro,22894
176,Richard,Castro,google,15073
177,Eloise,Phillips,microsoft,94012
178,Andrew,Murray,wipro,54172
179,Faith,Hampton,google,56017
180,Hank,Barr,microsoft,19973
181,Noemi,Wells,wipro,52255
182,Max,Hayden,google,22662
183,Avayah,Alfaro,microsoft,40149
184,Xzavier,Lozano,wipro,42612
185,Cecelia,Santos,google,95707
186,Walker,McConnell,microsoft,82199
187,Denise,Gibbs,wipro,46129
188,Deacon,Reid,google,84455
189,Charlee,Walton,microsoft,65817
190,Dominick,Terry,wipro,69603
191,Wren,Baxter,google,19680
192,Tomas,Kim,microsoft,85817
193,Gabriella,Wong,wipro,28343
194,Walter,McCormick,google,94469
195,Macie,Singh,microsoft,73708
196,Louis,Collins,wipro,96122
197,Kinsley,Barrett,google,32004
198,Angelo,Singleton,microsoft,43972
199,Malaysia,Barron,wipro,38715
200,Dustin,Dickson,google,22836
