employeeID,firstname,lastname,company,salary,incremented_salary
101,tanmoy,debnath,google,45000,47520.0
102,subham,debnath,microsoft,55000,57403.5
103,shayan,saha,wipro,56000,61040.0
104,Gary,Brady,google,32143,33991.22
105,Ryan,Thornton,microsoft,21402,22512.76
106,Malik,Chan,wipro,65737,66506.12
107,Hattie,Parra,google,91321,96918.98
108,Davion,Mullen,microsoft,28746,31430.88
109,Shay,Jacobs,wipro,64530,67382.23
110,Bryan,Curtis,google,76524,79607.92
111,Alexis,Cooper,microsoft,22475,23807.77
112,Jonathan,Swanson,wipro,10966,11796.13
113,Helen,Robles,google,92961,97385.94
114,Otto,Macdonald,microsoft,88837,95961.73
115,Rosalia,Chavez,wipro,24875,27248.08
116,Ian,Orr,google,90515,94570.07
117,Alaiya,Buchanan,microsoft,21422,22707.32
118,Enrique,Meyer,wipro,98011,100765.11
119,Sara,Morgan,google,16091,16892.33
120,Hunter,Holloway,microsoft,91345,97282.43
121,Mae,Lim,wipro,61212,67296.47
122,Cal,Singh,google,33272,36333.02
123,Vivienne,Callahan,microsoft,57066,61831.01
124,Quinton,Russo,wipro,34484,35842.67
125,Tinsley,Montoya,google,32259,34871.98
126,Ford,Gonzalez,microsoft,63459,65584.88
127,Abigail,Santos,wipro,68581,71948.33
128,Walker,Maldonado,google,91741,93309.77
129,Elaina,Paul,microsoft,93383,100629.52
130,Noel,Kirk,wipro,62419,68398.74
131,Ellis,Sullivan,google,81830,89472.92
132,Evan,Jacobs,microsoft,33114,33961.72
133,Camilla,Wagner,wipro,27168,28879.58
134,Enzo,Tanner,google,23078,24788.08
135,Harmoni,Guerra,microsoft,73735,75622.62
136,Leland,Woods,wipro,66293,69945.74
137,Reese,Schmitt,google,39619,43050.01
138,Murphy,Hogan,microsoft,71690,77862.51
139,Kathryn,Morrow,wipro,90026,91916.55
140,Kyree,Roach,google,94575,99161.89
141,Lyanna,Conway,microsoft,65106,67436.79
142,Orlando,Newton,wipro,74297,77967.27
143,Braelynn,Neal,google,89651,97970.61
144,Kane,O’Connor,microsoft,39257,42063.88
145,Charli,Rich,wipro,25444,26097.91
146,Miller,Nicholson,google,91598,95078.72
147,Justice,Ward,microsoft,22773,24562.96
148,Jameson,Williams,wipro,65066,71019.54
149,Ava,Lara,google,84315,88201.92
150,Caiden,Lindsey,microsoft,54400,56265.92
151,Colette,Wiley,wipro,54260,58725.6
152,Mathew,Barker,google,39919,40449.92
153,Remington,Nielsen,microsoft,99245,100316.85
154,Tru,Humphrey,wipro,19082,20537.96
155,Journi,Dorsey,google,17138,17499.61
156,Enoch,Wilkerson,microsoft,33249,36357.78
157,Janiyah,Blake,wipro,78240,81831.22
158,Zyaire,Richards,google,26058,26644.31
159,Trinity,Murphy,microsoft,43726,47097.27
160,Cameron,Francis,wipro,62253,63255.27
161,Daniella,Waller,google,70406,72278.8
162,Marley,Russell,microsoft,63828,65283.28
163,Raelynn,Spencer,wipro,62038,65270.18
164,Ace,Ballard,google,30815,33498.99
165,Alejandra,Hartman,microsoft,23395,24840.81
166,Baker,Hobbs,wipro,50773,55109.01
167,Lacey,Andrews,google,51356,56311.85
168,Lukas,Luna,microsoft,97495,100468.6
169,Journey,Stout,wipro,19879,21783.41
170,Callahan,Carrillo,google,38522,40101.4
171,Kaylani,Sawyer,microsoft,61902,67473.18
172,Jefferson,Salinas,wipro,17141,18779.68
173,Royalty,Rojas,google,39932,40826.48
174,Colin,Willis,microsoft,63691,67493.35
175,Alexa,Bradley,wipro,22894,25046.04
176,Richard,Castro,google,15073,15285.53
177,Eloise,Phillips,microsoft,94012,95864.04
178,Andrew,Murray,wipro,54172,56934.77
179,Faith,Hampton,google,56017,57322.2
180,Hank,Barr,microsoft,19973,21437.02
181,Noemi,Wells,wipro,52255,56424.95
182,Max,Hayden,google,22662,23285.21
183,Avayah,Alfaro,microsoft,40149,41212.95
184,Xzavier,Lozano,wipro,42612,44457.1
185,Cecelia,Santos,google,95707,101219.72
186,Walker,McConnell,microsoft,82199,85100.62
187,Denise,Gibbs,wipro,46129,50128.38
188,Deacon,Reid,google,84455,91253.63
189,Charlee,Walton,microsoft,65817,68640.55
190,Dominick,Terry,wipro,69603,74767.54
191,Wren,Baxter,google,19680,20313.7
192,Tomas,Kim,microsoft,85817,90185.09
193,Gabriella,Wong,wipro,28343,30689.8
194,Walter,McCormick,google,94469,99201.9
195,Macie,Singh,microsoft,73708,76383.6
196,Louis,Collins,wipro,96122,105292.04
197,Kinsley,Barrett,google,32004,33847.43
198,Angelo,Singleton,microsoft,43972,45264.78
199,Malaysia,Barron,wipro,38715,40360.39
200,Dustin,Dickson,google,22836,23918.43
